route,page,jobs,api_dependencies,required_states,accessibility_responsive,priority
/ask,Ask empty,"Learn scope; start question; see supported and unavailable examples","GET /metadata; POST /assistant/messages","empty; loading; offline; system error","keyboard composer; labelled examples; 360px",P0
/ask/:conversationId,Conversation,"Ask; follow up; clarify; correct; inspect receipt; export","POST /assistant/messages; GET state/receipt/records/export","verified; qualified; no-data; clarification; unsupported; validation-failed; stale conflict; retry","screen-reader status; focus after response; evidence sheet",P0
/transactions,Transactions,"Filter and inspect source transactions; exact reference lookup","GET /transactions; GET /banks; GET /accounts","no filters; no matches; duplicate reference; invalid filter; invalid cursor; timeout","table keyboard; sticky ID; mobile cards/horizontal scroll",P0
/accounts,Accounts,"View current balances by bank/program/entity/account","GET /accounts; GET /banks","all; filtered; no matches; negative balance; current-snapshot warning; timeout","amount labels; masked identifiers; mobile cards",P0
/data-health,Data health,"Understand freshness; counts; integrity; nulls; duplicates; limitations","GET /data-health; GET /metadata","healthy; warnings; individual check unavailable; API error","warnings not colour-only; definition links",P0
/glossary,Glossary,"Understand metrics; source fields; date/reference/privacy behavior","GET /metadata or static versioned registry","loading; search no-results; deep-linked term","search label; heading hierarchy; mobile",P0
/evaluation,Evaluation,"Review actual parser/answer/refusal/latency/cost benchmark","POST /evaluation/runs; run status/result endpoint when implemented","not run; running; failed; complete; partial model outage","table alternatives for charts; no production gold exposure",P1
/about,About,"See architecture; scope; synthetic disclosure; source gaps","GET /metadata plus static content","normal; metadata unavailable","structured headings; print-friendly",P0
*,Not found,"Return to Ask without losing valid conversation link",none,404,"focus page heading; clear return action",P0
